{"hit/all ratio": 0.0, "_timestamp": 1663306786.0280914, "_runtime": 1894.4218955039978, "_step": 27, "_wandb": {"runtime": 1910}}