{"hit/all ratio": 0.0, "_timestamp": 1663291053.9285755, "_runtime": 1075.0779645442963, "_step": 16, "_wandb": {"runtime": 1470}}