{"Train Accuracy": 0.991210277214334, "Test Accuracy": 0.3621621621621622, "_timestamp": 1663715691.7720819, "_runtime": 163.45556092262268, "_step": 119, "_wandb": {"runtime": 163}}