{"hit/all ratio": 0.5350877192982456, "_timestamp": 1663287313.3275118, "_runtime": 126.04602980613708, "_step": 3, "_wandb": {"runtime": 149}}