{"Train Accuracy": 0.9966193373901284, "Test Accuracy": 0.34324324324324323, "_timestamp": 1663720260.0215108, "_runtime": 270.95028495788574, "_step": 119, "_wandb": {"runtime": 271}}