{"Train Accuracy": 0.3563218390804598, "Test Accuracy": 0.23243243243243245, "_timestamp": 1663720594.2144985, "_runtime": 267.2976574897766, "_step": 119, "_wandb": {"runtime": 267}}