{"hit/all ratio": 0.4423076923076923, "_timestamp": 1663334551.0888736, "_runtime": 27684.054203510284, "_step": 517, "_wandb": {"runtime": 27683}}