{"Train Accuracy": 0.7843137254901961, "Test Accuracy": 0.37027027027027026, "_timestamp": 1663722708.1809218, "_runtime": 1279.6845507621765, "_step": 16}