{"train/loss": 2.5324, "train/learning_rate": 9.461206896551725e-06, "train/epoch": 0.43, "train/global_step": 50, "_timestamp": 1663604017.232764, "_runtime": 21.60080909729004, "_step": 0, "_wandb": {"runtime": 21}}