{"Train Accuracy": 0.9033130493576741, "Test Accuracy": 0.36486486486486486, "_timestamp": 1663711414.1854544, "_runtime": 117.81109738349915, "_step": 75, "_wandb": {"runtime": 117}}