{"hit/all ratio": 0.6670588235294118, "_timestamp": 1663426687.9736571, "_runtime": 73234.12060213089, "_step": 1765, "_wandb": {"runtime": 73238}}