{"Train Accuracy": 0.6801893171061528, "Test Accuracy": 0.34054054054054056, "_timestamp": 1663712368.545488, "_runtime": 905.8930101394653, "_step": 79, "_wandb": {"runtime": 906}}