{"hit/all ratio": 0.8602442333785617, "_timestamp": 1663291420.7248359, "_runtime": 4068.9298989772797, "_step": 37, "_wandb": {"runtime": 4097}}