{"Train Accuracy": 0.9891818796484111, "Test Accuracy": 0.36486486486486486, "_timestamp": 1663712830.8272924, "_runtime": 164.7491364479065, "_step": 119, "_wandb": {"runtime": 165}}