{"Train Accuracy": 0.9743069641649763, "Test Accuracy": 0.34864864864864864, "_timestamp": 1663720907.3568482, "_runtime": 276.2041883468628, "_step": 119, "_wandb": {"runtime": 276}}