{"hit/all ratio": 0.0, "_timestamp": 1663304698.4959893, "_runtime": 24.544025421142578, "_step": 0, "_wandb": {"runtime": 45}}